,No.,Vin,Vout,temp
0,1.0,1.0,0.01,-40.0
1,2.0,2.0,0.11,-30.0
2,3.0,3.0,0.21000000000000002,-20.0
3,4.0,4.0,0.31,-10.0
4,5.0,5.0,0.41000000000000003,0.0
5,6.0,6.0,0.51,10.0
6,7.0,7.0,0.61,20.0
7,8.0,8.0,0.71,30.0
8,9.0,9.0,0.81,40.0
9,10.0,10.0,0.91,50.0
