TP,Voltage
1,-3.00112406
2,-3.00112406
3,-3.00112406
4,-3.00112406
