,Vin,Vin_real,Vout,temp
0,1.15,1.15,0.554376958,70.0
1,1.1549999999999998,1.15,0.554243615,70.0
2,1.1599999999999997,1.16,0.555766585,70.0
3,1.1649999999999996,1.16,0.555747853,70.0
4,1.1699999999999995,1.17,0.557161277,70.0
5,1.1749999999999994,1.17,0.557321703,70.0
6,1.1799999999999993,1.18,0.558602107,70.0
7,1.1849999999999992,1.18,0.558735617,70.0
8,1.189999999999999,1.19,0.55987971,70.0
9,1.194999999999999,1.19,0.559925299,70.0
10,1.1999999999999988,1.2,0.561196345,70.0
